<?xml version="1.0" encoding="UTF-8" ?>
<!-- Generated by Oracle SOA Modeler version 12.2.1.3.0.170820 at [11/22/18 1:40 AM]. -->
<composite name="FBDIAutomation"
           revision="1.0"
           label="2018-11-22_01-40-29_477"
           mode="active"
           state="on"
           xmlns="http://xmlns.oracle.com/sca/1.0"
           xmlns:xs="http://www.w3.org/2001/XMLSchema"
           xmlns:wsp="http://schemas.xmlsoap.org/ws/2004/09/policy"
           xmlns:orawsp="http://schemas.oracle.com/ws/2006/01/policy"
           xmlns:ui="http://xmlns.oracle.com/soa/designer/"
           xmlns:sca-ext="http://xmlns.oracle.com/sca/1.0-ext">
  <import namespace="http://xmlns.oracle.com/apps/financials/commonModules/shared/model/erpIntegrationService/"
          location="https://ucf5-zeop-fa-ext.oracledemos.com/publicFinancialCommonErpIntegration/ErpIntegrationService?WSDL"
          importType="wsdl"/>
  <import namespace="http://xmlns.oracle.com/pcbpel/adapter/file/FBDIAutomationSoaApp/FBDIAutomation/PollJournalZip"
          location="WSDLs/PollJournalZip.wsdl" importType="wsdl"/>
  <service name="PollJournalZip" ui:wsdlLocation="WSDLs/PollJournalZip.wsdl">
    <interface.wsdl interface="http://xmlns.oracle.com/pcbpel/adapter/file/FBDIAutomationSoaApp/FBDIAutomation/PollJournalZip#wsdl.interface(Read_ptt)"/>
    <binding.jca config="Adapters/PollJournalZip_file.jca">
      <property name="useRejectedMessageRecovery" type="xs:string" many="false" override="may">true</property>
    </binding.jca>
  </service>
  <property name="productVersion" type="xs:string" many="false">12.2.1.3.0.170820</property>
  <property name="compositeID" type="xs:string" many="false">699cbb78-c96c-4ce6-b6a3-8861dde85f10</property>
  <component name="FbdiBpelProcess" version="2.0">
    <implementation.bpel src="BPEL/FbdiBpelProcess.bpel"/>
    <componentType>
      <service name="PollJournalZip" ui:wsdlLocation="WSDLs/PollJournalZip.wsdl">
        <interface.wsdl interface="http://xmlns.oracle.com/pcbpel/adapter/file/FBDIAutomationSoaApp/FBDIAutomation/PollJournalZip#wsdl.interface(Read_ptt)"/>
      </service>
      <reference name="ErpIntegrationService"
                 ui:wsdlLocation="https://ucf5-zeop-fa-ext.oracledemos.com/publicFinancialCommonErpIntegration/ErpIntegrationService?WSDL">
        <interface.wsdl interface="http://xmlns.oracle.com/apps/financials/commonModules/shared/model/erpIntegrationService/#wsdl.interface(ErpIntegrationService)"/>
      </reference>
    </componentType>
    <property name="bpel.config.transaction" type="xs:string" many="false">required</property>
    <property name="bpel.config.oneWayDeliveryPolicy" type="xs:string" many="false">sync</property>
  </component>
  <reference name="ErpIntegrationService"
             ui:wsdlLocation="https://ucf5-zeop-fa-ext.oracledemos.com/publicFinancialCommonErpIntegration/ErpIntegrationService?WSDL">
    <interface.wsdl interface="http://xmlns.oracle.com/apps/financials/commonModules/shared/model/erpIntegrationService/#wsdl.interface(ErpIntegrationService)"/>
    <binding.ws port="http://xmlns.oracle.com/apps/financials/commonModules/shared/model/erpIntegrationService/#wsdl.endpoint(ErpIntegrationService/ErpIntegrationServiceSoapHttpPort)"
                location="https://ucf5-zeop-fa-ext.oracledemos.com/publicFinancialCommonErpIntegration/ErpIntegrationService?WSDL"
                soapVersion="1.1">
      <property name="weblogic.wsee.wsat.transaction.flowOption" type="xs:string" many="false">WSDLDriven</property>
    </binding.ws>
  </reference>
  <wire>
    <source.uri>PollJournalZip</source.uri>
    <target.uri>FbdiBpelProcess/PollJournalZip</target.uri>
  </wire>
  <wire>
    <source.uri>FbdiBpelProcess/ErpIntegrationService</source.uri>
    <target.uri>ErpIntegrationService</target.uri>
  </wire>
</composite>
