<?xml version = '1.0' encoding = 'UTF-8'?>
<oracle-webservice-clients xmlns:ns0="http://java.sun.com/xml/ns/javaee">
   <webservice-client>
      <service-qname namespaceURI="http://xmlns.oracle.com/apps/financials/commonModules/shared/model/erpIntegrationService/"
                     localpart="ErpIntegrationService"/>
      <port-info>
         <wsdl-port namespaceURI="http://xmlns.oracle.com/apps/financials/commonModules/shared/model/erpIntegrationService/"
                    localpart="ErpIntegrationServiceSoapHttpPort"/>
         <runtime/>
         <operations>
            <operation name="getESSJobStatus"/>
            <operation name="getDfltObjAttrHints"/>
            <operation name="getServiceLastUpdateTime"/>
            <operation name="getEntityList"/>
            <operation name="getEntityListAsync"/>
            <operation name="getESSJobStatusAsync"/>
            <operation name="getDfltObjAttrHintsAsync"/>
            <operation name="getServiceLastUpdateTimeAsync"/>
            <operation name="submitESSJobRequest"/>
            <operation name="submitESSJobRequestAsync"/>
            <operation name="submitJobWithOutput"/>
            <operation name="submitJobWithOutputAsync"/>
            <operation name="getDocumentIdsForFilePrefix"/>
            <operation name="getDocumentIdsForFilePrefixAsync"/>
            <operation name="getDocumentForDocumentId"/>
            <operation name="getDocumentForDocumentIdAsync"/>
            <operation name="getDocumentsForFilePrefix"/>
            <operation name="getDocumentsForFilePrefixAsync"/>
            <operation name="uploadFileToUcm"/>
            <operation name="uploadFileToUcmAsync"/>
            <operation name="downloadESSJobExecutionDetails"/>
            <operation name="appendFileComment"/>
            <operation name="appendFileCommentAsync"/>
            <operation name="downloadESSJobExecutionDetailsAsync"/>
            <operation name="downloadExportOutput"/>
            <operation name="downloadExportOutputAsync"/>
            <operation name="loadAndImportData"/>
            <operation name="loadAndImportDataAsync"/>
            <operation name="confirmExtractConsumption"/>
            <operation name="confirmExtractConsumptionAsync"/>
            <operation name="updateInterfaceData"/>
            <operation name="updateInterfaceDataAsync"/>
            <operation name="importBulkData"/>
            <operation name="importBulkDataAsync"/>
            <operation name="extractAndPurge"/>
            <operation name="extractAndPurgeAsync"/>
            <operation name="exportBulkData"/>
            <operation name="exportBulkDataAsync"/>
         </operations>
      </port-info>
   </webservice-client>
</oracle-webservice-clients>
